{
  "project_info": {
    "project_number": "1065080694428",
    "project_id": "flutter-cat-matching",
    "storage_bucket": "flutter-cat-matching.appspot.com"
  },
  "client": [
    {
      "client_info": {
        "mobilesdk_app_id": "1:1065080694428:android:b484c2fb1020c12e4faf59",
        "android_client_info": {
          "package_name": "com.example.cat_matching"
        }
      },
      "oauth_client": [],
      "api_key": [
        {
          "current_key": "AIzaSyAbu5xmHnXAuWJyXyYIZB2bj2HXwZmbskM"
        }
      ],
      "services": {
        "appinvite_service": {
          "other_platform_oauth_client": []
        }
      }
    }
  ],
  "configuration_version": "1"
}